Workbook

Sheet Staff
A1: 卡號 | B1: 姓名 | C1: Skills
A2: 01805 | B2: 曾盈瑄 | C2: 不排班
A3: 1683 | B3: 羅必琪 | C3: 8-4'F，8-5，8-5掃，8-4'掃，01，8-4'
A4: 1660 | B4: 廖春鵑 | C4: 8-4'F，8-5，8-5掃，8-4'掃，01，8-4'，12'-9，4-12
A5: 01756 | B5: 陳家珮 | C5: 8-4'F，8-5，8-5掃，8-4'掃，01，8-4'，12'-9，4-12，12-8
A6: 01771 | B6: 全雅寧 | C6: 8-4'F，8-5，8-5掃，8-4'掃，01，8-4'，12'-9，4-12
A7: 017785 | B7: 張乃懿 | C7: 8-4'F，8-5，8-5掃，8-4'掃，01，8-4'，12'-9，4-12，12-8
A8: 01800 | B8: 劉芸甄 | C8: 8-4'F，8-5，8-5掃，8-4'掃，01，8-4'，12'-9，4-12，12-8
A9: 01803 | B9: 陳諭嫻 | C9: 8-4'F，8-5，8-5掃，8-4'掃，01，8-4'，12'-9，4-12，12-8
A10: 01809 | B10: 沈依蓉 | C10: 8-4'F，8-5，8-5掃，8-4'掃，01，8-4'，12'-9，4-12，12-8
A11: 01829 | B11: 高薌淳 | C11: 8-4'F，8-5，8-5掃，8-4'掃，01，8-4'，12'-9，4-12，12-8
A12: 01833 | B12: 陳諭 | C12: 8-4'F，8-5，8-5掃，8-4'掃，01，8-4'，12'-9，4-12，12-8

Sheet 節日
A1: 節日 | B1: 日期
A2: 元旦 | B2: 46023
A3: 除夕 | B3: 46069
A4: 初一 | B4: 46070
A5: 初二 | B5: 46071
A6: 初三 | B6: 46072
A7: 小年夜補假 | B7: 46073
A8: 228補假 | B8: 46080
A9: 兒童節補假 | B9: 46115
A10: 清明節補假 | B10: 46118
A11: 勞動節 | B11: 46143
A12: 端午節 | B12: 46192
A13: 中秋節 | B13: 46290
... A17: 行憲紀念日 | B17: 46381

Sheet ShiftTime
A1: Code | B1: Start | C1: End
A2: 8-4'F | B2: 8 | C2: 16.5
A3: 8-5 | B3: 8 | C3: 17
A4: 12'-9 | B4: 12.5 | C4: 21
A5: 4-12 | B5: 16 | C5: 24
A6: 8-5銷 | B6: 8 | C6: 17
A7: 8-5掃 | B7: 8 | C7: 17
A8: 8-4'掃 | B8: 8 | C8: 16.5
A9: 8-4'銷 | B9: 8 | C9: 16.5
A10: 01 | B10: 8 | C10: 17.5
A11: 8-4' | B11: 8 | C11: 16.5
A12: 01特 | B12: 8 | C12: 17.5
A13: 12-8 | B13: 0 | C13: 8

Sheet Shifts
A1: Date(日期) | B1: Shift(班別) | C1: Count(人數)
A2: 46113 | B2: 8-4'F | C2: 1
A3: 46113 | B3: 8-5 | C3: 1
A4: 46113 | B4: 12'-9 | C4: 1
A5: 46113 | B5: 4-12 | C5: 1
A6: 46113 | B6: 8-5掃 | C6: 1
A7: 46113 | B7: 01 | C7: 1 | I7: 8-4'F | K7: 8-4'F
A8: 46114 | B8: 8-4'F | C8: 1 | I8: 8-5 | K8: 8-4'
A9: 46114 | B9: 8-5 | C9: 1 | I9: 12'-9 | K9: 4-12
A10: 46114 | B10: 12'-9 | C10: 1 | I10: 4-12 | K10: 8-4'掃
A11: 46114 | B11: 4-12 | C11: 1 | G11: 8-5銷 | I11: 8-5掃
A12: 46114 | B12: 8-5掃 | C12: 1 | I12: 01
A13: 46114 | B13: 01 | C13: 1 | G13: 8-4'掃
A14: 46115 | B14: 8-4'F | C14: 1 | G14: 8-4'銷
A15: 46115 | B15: 8-5 | C15: 1
A16: 46115 | B16: 12'-9 | C16: 1 | G16: 8-4'
A17: 46115 | B17: 4-12 | C17: 1 | G17: 01特
A18: 46115 | B18: 8-5掃 | C18: 1 | G18: 9
A19: 46115 | B19: 01 | C19: 1 | G19: 9例
A20: 46116 | B20: 8-4'F | C20: 1 | G20: 12-8
A21: 46116 | B21: 8-4' | C21: 1 | G21: 9-1
A22: 46116 | B22: 4-12 | C22: 1 | G22: 9-2
A23: 46117 | B23: 8-4'掃 | C23: 1 | G23: 9-3
A24: 46117 | B24: 8-4'F | C24: 1 | G24: 9-4
A25: 46117 | B25: 8-4' | C25: 1 | G25: 9-5
A26: 46117 | B26: 4-12 | C26: 1 | G26: 9-6
A27: 46117 | B27: 8-4'掃 | C27: 1 | G27: 9-7
A28: 46118 | B28: 8-4'F | C28: 1
A29: 46118 | B29: 8-5 | C29: 1
A30: 46118 | B30: 12'-9 | C30: 1
A31: 46118 | B31: 4-12 | C31: 1
A32: 46118 | B32: 8-5掃 | C32: 1
A33: 46118 | B33: 01 | C33: 1
A34: 46119 | B34: 8-4'F | C34: 1
A35: 46119 | B35: 8-5 | C35: 1
A36: 46119 | B36: 12'-9 | C36: 1
A37: 46119 | B37: 4-12 | C37: 1
A38: 46119 | B38: 8-5掃 | C38: 1
A39: 46119 | B39: 01 | C39: 1
... A331: 46173 | B331: 8-4'掃 | C331: 1

Sheet Roster
R1: 2026 | S1: 年 | T1: 4 | U1: 月
C3: =RIGHT(TEXT(C4,"aaa"),1) -> 三 | D3: =RIGHT(TEXT(D4,"aaa"),1) -> 四 | E3: =RIGHT(TEXT(E4,"aaa"),1) -> 五 | F3: =RIGHT(TEXT(F4,"aaa"),1) -> 六 | G3: =RIGHT(TEXT(G4,"aaa"),1) -> 日 | H3: =RIGHT(TEXT(H4,"aaa"),1) -> 一 | I3: =RIGHT(TEXT(I4,"aaa"),1) -> 二 | J3: =RIGHT(TEXT(J4,"aaa"),1) -> 三 | ... AG3: =RIGHT(TEXT(AG4,"aaa"),1)
A4: 卡號 | B4: 員工 | C4: =IF(COLUMN(A1)>DAY(DATE($R$1,$T$1+1,0)),"",DATE($R$1,$T$1,COLUMN(A1))) -> 46113 | D4: =IF(COLUMN(B1)>DAY(DATE($R$1,$T$1+1,0)),"",DATE($R$1,$T$1,COLUMN(B1))) -> 46114 | E4: =IF(COLUMN(C1)>DAY(DATE($R$1,$T$1+1,0)),"",DATE($R$1,$T$1,COLUMN(C1))) -> 46115 | F4: =IF(COLUMN(D1)>DAY(DATE($R$1,$T$1+1,0)),"",DATE($R$1,$T$1,COLUMN(D1))) -> 46116 | G4: =IF(COLUMN(E1)>DAY(DATE($R$1,$T$1+1,0)),"",DATE($R$1,$T$1,COLUMN(E1))) -> 46117 | H4: =IF(COLUMN(F1)>DAY(DATE($R$1,$T$1+1,0)),"",DATE($R$1,$T$1,COLUMN(F1))) -> 46118 | I4: =IF(COLUMN(G1)>DAY(DATE($R$1,$T$1+1,0)),"",DATE($R$1,$T$1,COLUMN(G1))) -> 46119 | J4: =IF(COLUMN(H1)>DAY(DATE($R$1,$T$1+1,0)),"",DATE($R$1,$T$1,COLUMN(H1))) -> 46120 | ... AG4: =IF(COLUMN(AE1)>DAY(DATE($R$1,$T$1+1,0)),"",DATE($R$1,$T$1,COLUMN(AE1)))
A5: 01805 | B5: 曾盈瑄 | C5: =IFERROR(OFFSET(預班!$A$1,MATCH($B5,預班!$A$2:$A$12,0),MATCH(C$4,預班!$B$1:$NB$1,0)),"") -> 0 | D5: =IFERROR(OFFSET(預班!$A$1,MATCH($B5,預班!$A$2:$A$12,0),MATCH(D$4,預班!$B$1:$NB$1,0)),"") -> 0 | E5: =IFERROR(OFFSET(預班!$A$1,MATCH($B5,預班!$A$2:$A$12,0),MATCH(E$4,預班!$B$1:$NB$1,0)),"") -> 0 | F5: =IFERROR(OFFSET(預班!$A$1,MATCH($B5,預班!$A$2:$A$12,0),MATCH(F$4,預班!$B$1:$NB$1,0)),"") -> 0 | G5: =IFERROR(OFFSET(預班!$A$1,MATCH($B5,預班!$A$2:$A$12,0),MATCH(G$4,預班!$B$1:$NB$1,0)),"") -> 0 | H5: =IFERROR(OFFSET(預班!$A$1,MATCH($B5,預班!$A$2:$A$12,0),MATCH(H$4,預班!$B$1:$NB$1,0)),"") -> 0 | I5: =IFERROR(OFFSET(預班!$A$1,MATCH($B5,預班!$A$2:$A$12,0),MATCH(I$4,預班!$B$1:$NB$1,0)),"") -> 0 | J5: =IFERROR(OFFSET(預班!$A$1,MATCH($B5,預班!$A$2:$A$12,0),MATCH(J$4,預班!$B$1:$NB$1,0)),"") -> 0 | ... AG5: =IFERROR(OFFSET(預班!$A$1,MATCH($B5,預班!$A$2:$A$12,0),MATCH(AG$4,預班!$B$1:$NB$1,0)),"")
A6: 1683 | B6: 羅必琪 | C6: =IFERROR(OFFSET(預班!$A$1,MATCH($B6,預班!$A$2:$A$12,0),MATCH(C$4,預班!$B$1:$NB$1,0)),"") -> 0 | D6: =IFERROR(OFFSET(預班!$A$1,MATCH($B6,預班!$A$2:$A$12,0),MATCH(D$4,預班!$B$1:$NB$1,0)),"") -> 0 | E6: =IFERROR(OFFSET(預班!$A$1,MATCH($B6,預班!$A$2:$A$12,0),MATCH(E$4,預班!$B$1:$NB$1,0)),"") -> 0 | F6: =IFERROR(OFFSET(預班!$A$1,MATCH($B6,預班!$A$2:$A$12,0),MATCH(F$4,預班!$B$1:$NB$1,0)),"") -> 0 | G6: =IFERROR(OFFSET(預班!$A$1,MATCH($B6,預班!$A$2:$A$12,0),MATCH(G$4,預班!$B$1:$NB$1,0)),"") -> 0 | H6: =IFERROR(OFFSET(預班!$A$1,MATCH($B6,預班!$A$2:$A$12,0),MATCH(H$4,預班!$B$1:$NB$1,0)),"") -> 0 | I6: =IFERROR(OFFSET(預班!$A$1,MATCH($B6,預班!$A$2:$A$12,0),MATCH(I$4,預班!$B$1:$NB$1,0)),"") -> 0 | J6: =IFERROR(OFFSET(預班!$A$1,MATCH($B6,預班!$A$2:$A$12,0),MATCH(J$4,預班!$B$1:$NB$1,0)),"") -> 0 | ... AG6: =IFERROR(OFFSET(預班!$A$1,MATCH($B6,預班!$A$2:$A$12,0),MATCH(AG$4,預班!$B$1:$NB$1,0)),"")
A7: 1660 | B7: 廖春鵑 | C7: =IFERROR(OFFSET(預班!$A$1,MATCH($B7,預班!$A$2:$A$12,0),MATCH(C$4,預班!$B$1:$NB$1,0)),"") -> 0 | D7: =IFERROR(OFFSET(預班!$A$1,MATCH($B7,預班!$A$2:$A$12,0),MATCH(D$4,預班!$B$1:$NB$1,0)),"") -> 0 | E7: =IFERROR(OFFSET(預班!$A$1,MATCH($B7,預班!$A$2:$A$12,0),MATCH(E$4,預班!$B$1:$NB$1,0)),"") -> 0 | F7: =IFERROR(OFFSET(預班!$A$1,MATCH($B7,預班!$A$2:$A$12,0),MATCH(F$4,預班!$B$1:$NB$1,0)),"") -> 0 | G7: =IFERROR(OFFSET(預班!$A$1,MATCH($B7,預班!$A$2:$A$12,0),MATCH(G$4,預班!$B$1:$NB$1,0)),"") -> 0 | H7: =IFERROR(OFFSET(預班!$A$1,MATCH($B7,預班!$A$2:$A$12,0),MATCH(H$4,預班!$B$1:$NB$1,0)),"") -> 0 | I7: =IFERROR(OFFSET(預班!$A$1,MATCH($B7,預班!$A$2:$A$12,0),MATCH(I$4,預班!$B$1:$NB$1,0)),"") -> 0 | J7: =IFERROR(OFFSET(預班!$A$1,MATCH($B7,預班!$A$2:$A$12,0),MATCH(J$4,預班!$B$1:$NB$1,0)),"") -> 0 | ... AG7: =IFERROR(OFFSET(預班!$A$1,MATCH($B7,預班!$A$2:$A$12,0),MATCH(AG$4,預班!$B$1:$NB$1,0)),"")
A8: 01756 | B8: 陳家珮 | C8: =IFERROR(OFFSET(預班!$A$1,MATCH($B8,預班!$A$2:$A$12,0),MATCH(C$4,預班!$B$1:$NB$1,0)),"") -> 0 | D8: =IFERROR(OFFSET(預班!$A$1,MATCH($B8,預班!$A$2:$A$12,0),MATCH(D$4,預班!$B$1:$NB$1,0)),"") -> 0 | E8: =IFERROR(OFFSET(預班!$A$1,MATCH($B8,預班!$A$2:$A$12,0),MATCH(E$4,預班!$B$1:$NB$1,0)),"") -> 0 | F8: =IFERROR(OFFSET(預班!$A$1,MATCH($B8,預班!$A$2:$A$12,0),MATCH(F$4,預班!$B$1:$NB$1,0)),"") -> 0 | G8: =IFERROR(OFFSET(預班!$A$1,MATCH($B8,預班!$A$2:$A$12,0),MATCH(G$4,預班!$B$1:$NB$1,0)),"") -> 0 | H8: =IFERROR(OFFSET(預班!$A$1,MATCH($B8,預班!$A$2:$A$12,0),MATCH(H$4,預班!$B$1:$NB$1,0)),"") -> 0 | I8: =IFERROR(OFFSET(預班!$A$1,MATCH($B8,預班!$A$2:$A$12,0),MATCH(I$4,預班!$B$1:$NB$1,0)),"") -> 0 | J8: =IFERROR(OFFSET(預班!$A$1,MATCH($B8,預班!$A$2:$A$12,0),MATCH(J$4,預班!$B$1:$NB$1,0)),"") -> 0 | ... AG8: =IFERROR(OFFSET(預班!$A$1,MATCH($B8,預班!$A$2:$A$12,0),MATCH(AG$4,預班!$B$1:$NB$1,0)),"")
A9: 01771 | B9: 全雅寧 | C9: =IFERROR(OFFSET(預班!$A$1,MATCH($B9,預班!$A$2:$A$12,0),MATCH(C$4,預班!$B$1:$NB$1,0)),"") -> 0 | D9: =IFERROR(OFFSET(預班!$A$1,MATCH($B9,預班!$A$2:$A$12,0),MATCH(D$4,預班!$B$1:$NB$1,0)),"") -> 0 | E9: =IFERROR(OFFSET(預班!$A$1,MATCH($B9,預班!$A$2:$A$12,0),MATCH(E$4,預班!$B$1:$NB$1,0)),"") -> 0 | F9: =IFERROR(OFFSET(預班!$A$1,MATCH($B9,預班!$A$2:$A$12,0),MATCH(F$4,預班!$B$1:$NB$1,0)),"") -> 0 | G9: =IFERROR(OFFSET(預班!$A$1,MATCH($B9,預班!$A$2:$A$12,0),MATCH(G$4,預班!$B$1:$NB$1,0)),"") -> 0 | H9: =IFERROR(OFFSET(預班!$A$1,MATCH($B9,預班!$A$2:$A$12,0),MATCH(H$4,預班!$B$1:$NB$1,0)),"") -> 0 | I9: =IFERROR(OFFSET(預班!$A$1,MATCH($B9,預班!$A$2:$A$12,0),MATCH(I$4,預班!$B$1:$NB$1,0)),"") -> 0 | J9: =IFERROR(OFFSET(預班!$A$1,MATCH($B9,預班!$A$2:$A$12,0),MATCH(J$4,預班!$B$1:$NB$1,0)),"") -> 0 | ... AG9: =IFERROR(OFFSET(預班!$A$1,MATCH($B9,預班!$A$2:$A$12,0),MATCH(AG$4,預班!$B$1:$NB$1,0)),"")
A10: 017785 | B10: 張乃懿 | C10: =IFERROR(OFFSET(預班!$A$1,MATCH($B10,預班!$A$2:$A$12,0),MATCH(C$4,預班!$B$1:$NB$1,0)),"") -> 0 | D10: =IFERROR(OFFSET(預班!$A$1,MATCH($B10,預班!$A$2:$A$12,0),MATCH(D$4,預班!$B$1:$NB$1,0)),"") -> 0 | E10: =IFERROR(OFFSET(預班!$A$1,MATCH($B10,預班!$A$2:$A$12,0),MATCH(E$4,預班!$B$1:$NB$1,0)),"") -> 0 | F10: =IFERROR(OFFSET(預班!$A$1,MATCH($B10,預班!$A$2:$A$12,0),MATCH(F$4,預班!$B$1:$NB$1,0)),"") -> 0 | G10: =IFERROR(OFFSET(預班!$A$1,MATCH($B10,預班!$A$2:$A$12,0),MATCH(G$4,預班!$B$1:$NB$1,0)),"") -> 0 | H10: =IFERROR(OFFSET(預班!$A$1,MATCH($B10,預班!$A$2:$A$12,0),MATCH(H$4,預班!$B$1:$NB$1,0)),"") -> 0 | I10: =IFERROR(OFFSET(預班!$A$1,MATCH($B10,預班!$A$2:$A$12,0),MATCH(I$4,預班!$B$1:$NB$1,0)),"") -> 0 | J10: =IFERROR(OFFSET(預班!$A$1,MATCH($B10,預班!$A$2:$A$12,0),MATCH(J$4,預班!$B$1:$NB$1,0)),"") -> 0 | ... AG10: =IFERROR(OFFSET(預班!$A$1,MATCH($B10,預班!$A$2:$A$12,0),MATCH(AG$4,預班!$B$1:$NB$1,0)),"")
A11: 01800 | B11: 劉芸甄 | C11: =IFERROR(OFFSET(預班!$A$1,MATCH($B11,預班!$A$2:$A$12,0),MATCH(C$4,預班!$B$1:$NB$1,0)),"") -> 0 | D11: =IFERROR(OFFSET(預班!$A$1,MATCH($B11,預班!$A$2:$A$12,0),MATCH(D$4,預班!$B$1:$NB$1,0)),"") -> 0 | E11: =IFERROR(OFFSET(預班!$A$1,MATCH($B11,預班!$A$2:$A$12,0),MATCH(E$4,預班!$B$1:$NB$1,0)),"") -> 0 | F11: =IFERROR(OFFSET(預班!$A$1,MATCH($B11,預班!$A$2:$A$12,0),MATCH(F$4,預班!$B$1:$NB$1,0)),"") -> 0 | G11: =IFERROR(OFFSET(預班!$A$1,MATCH($B11,預班!$A$2:$A$12,0),MATCH(G$4,預班!$B$1:$NB$1,0)),"") -> 0 | H11: =IFERROR(OFFSET(預班!$A$1,MATCH($B11,預班!$A$2:$A$12,0),MATCH(H$4,預班!$B$1:$NB$1,0)),"") -> 0 | I11: =IFERROR(OFFSET(預班!$A$1,MATCH($B11,預班!$A$2:$A$12,0),MATCH(I$4,預班!$B$1:$NB$1,0)),"") -> 0 | J11: =IFERROR(OFFSET(預班!$A$1,MATCH($B11,預班!$A$2:$A$12,0),MATCH(J$4,預班!$B$1:$NB$1,0)),"") -> 0 | ... AG11: =IFERROR(OFFSET(預班!$A$1,MATCH($B11,預班!$A$2:$A$12,0),MATCH(AG$4,預班!$B$1:$NB$1,0)),"")
A12: 01803 | B12: 陳諭嫻 | C12: =IFERROR(OFFSET(預班!$A$1,MATCH($B12,預班!$A$2:$A$12,0),MATCH(C$4,預班!$B$1:$NB$1,0)),"") -> 12-8 | D12: =IFERROR(OFFSET(預班!$A$1,MATCH($B12,預班!$A$2:$A$12,0),MATCH(D$4,預班!$B$1:$NB$1,0)),"") -> 9 | E12: =IFERROR(OFFSET(預班!$A$1,MATCH($B12,預班!$A$2:$A$12,0),MATCH(E$4,預班!$B$1:$NB$1,0)),"") -> 9 | F12: =IFERROR(OFFSET(預班!$A$1,MATCH($B12,預班!$A$2:$A$12,0),MATCH(F$4,預班!$B$1:$NB$1,0)),"") -> 0 | G12: =IFERROR(OFFSET(預班!$A$1,MATCH($B12,預班!$A$2:$A$12,0),MATCH(G$4,預班!$B$1:$NB$1,0)),"") -> 0 | H12: =IFERROR(OFFSET(預班!$A$1,MATCH($B12,預班!$A$2:$A$12,0),MATCH(H$4,預班!$B$1:$NB$1,0)),"") -> 0 | I12: =IFERROR(OFFSET(預班!$A$1,MATCH($B12,預班!$A$2:$A$12,0),MATCH(I$4,預班!$B$1:$NB$1,0)),"") -> 0 | J12: =IFERROR(OFFSET(預班!$A$1,MATCH($B12,預班!$A$2:$A$12,0),MATCH(J$4,預班!$B$1:$NB$1,0)),"") -> 0 | ... AG12: =IFERROR(OFFSET(預班!$A$1,MATCH($B12,預班!$A$2:$A$12,0),MATCH(AG$4,預班!$B$1:$NB$1,0)),"")
A13: 01809 | B13: 沈依蓉 | C13: =IFERROR(OFFSET(預班!$A$1,MATCH($B13,預班!$A$2:$A$12,0),MATCH(C$4,預班!$B$1:$NB$1,0)),"") -> 0 | D13: =IFERROR(OFFSET(預班!$A$1,MATCH($B13,預班!$A$2:$A$12,0),MATCH(D$4,預班!$B$1:$NB$1,0)),"") -> 12-8 | E13: =IFERROR(OFFSET(預班!$A$1,MATCH($B13,預班!$A$2:$A$12,0),MATCH(E$4,預班!$B$1:$NB$1,0)),"") -> 12-8 | F13: =IFERROR(OFFSET(預班!$A$1,MATCH($B13,預班!$A$2:$A$12,0),MATCH(F$4,預班!$B$1:$NB$1,0)),"") -> 12-8 | G13: =IFERROR(OFFSET(預班!$A$1,MATCH($B13,預班!$A$2:$A$12,0),MATCH(G$4,預班!$B$1:$NB$1,0)),"") -> 9 | H13: =IFERROR(OFFSET(預班!$A$1,MATCH($B13,預班!$A$2:$A$12,0),MATCH(H$4,預班!$B$1:$NB$1,0)),"") -> 9 | I13: =IFERROR(OFFSET(預班!$A$1,MATCH($B13,預班!$A$2:$A$12,0),MATCH(I$4,預班!$B$1:$NB$1,0)),"") -> 0 | J13: =IFERROR(OFFSET(預班!$A$1,MATCH($B13,預班!$A$2:$A$12,0),MATCH(J$4,預班!$B$1:$NB$1,0)),"") -> 0 | ... AG13: =IFERROR(OFFSET(預班!$A$1,MATCH($B13,預班!$A$2:$A$12,0),MATCH(AG$4,預班!$B$1:$NB$1,0)),"")
A14: 01829 | B14: 高薌淳 | C14: =IFERROR(OFFSET(預班!$A$1,MATCH($B14,預班!$A$2:$A$12,0),MATCH(C$4,預班!$B$1:$NB$1,0)),"") -> 0 | D14: =IFERROR(OFFSET(預班!$A$1,MATCH($B14,預班!$A$2:$A$12,0),MATCH(D$4,預班!$B$1:$NB$1,0)),"") -> 0 | E14: =IFERROR(OFFSET(預班!$A$1,MATCH($B14,預班!$A$2:$A$12,0),MATCH(E$4,預班!$B$1:$NB$1,0)),"") -> 0 | F14: =IFERROR(OFFSET(預班!$A$1,MATCH($B14,預班!$A$2:$A$12,0),MATCH(F$4,預班!$B$1:$NB$1,0)),"") -> 0 | G14: =IFERROR(OFFSET(預班!$A$1,MATCH($B14,預班!$A$2:$A$12,0),MATCH(G$4,預班!$B$1:$NB$1,0)),"") -> 12-8 | H14: =IFERROR(OFFSET(預班!$A$1,MATCH($B14,預班!$A$2:$A$12,0),MATCH(H$4,預班!$B$1:$NB$1,0)),"") -> 12-8 | I14: =IFERROR(OFFSET(預班!$A$1,MATCH($B14,預班!$A$2:$A$12,0),MATCH(I$4,預班!$B$1:$NB$1,0)),"") -> 12-8 | J14: =IFERROR(OFFSET(預班!$A$1,MATCH($B14,預班!$A$2:$A$12,0),MATCH(J$4,預班!$B$1:$NB$1,0)),"") -> 12-8 | ... AG14: =IFERROR(OFFSET(預班!$A$1,MATCH($B14,預班!$A$2:$A$12,0),MATCH(AG$4,預班!$B$1:$NB$1,0)),"")
A15: 01833 | B15: 陳諭 | C15: =IFERROR(OFFSET(預班!$A$1,MATCH($B15,預班!$A$2:$A$12,0),MATCH(C$4,預班!$B$1:$NB$1,0)),"") -> 0 | D15: =IFERROR(OFFSET(預班!$A$1,MATCH($B15,預班!$A$2:$A$12,0),MATCH(D$4,預班!$B$1:$NB$1,0)),"") -> 0 | E15: =IFERROR(OFFSET(預班!$A$1,MATCH($B15,預班!$A$2:$A$12,0),MATCH(E$4,預班!$B$1:$NB$1,0)),"") -> 0 | F15: =IFERROR(OFFSET(預班!$A$1,MATCH($B15,預班!$A$2:$A$12,0),MATCH(F$4,預班!$B$1:$NB$1,0)),"") -> 0 | G15: =IFERROR(OFFSET(預班!$A$1,MATCH($B15,預班!$A$2:$A$12,0),MATCH(G$4,預班!$B$1:$NB$1,0)),"") -> 0 | H15: =IFERROR(OFFSET(預班!$A$1,MATCH($B15,預班!$A$2:$A$12,0),MATCH(H$4,預班!$B$1:$NB$1,0)),"") -> 0 | I15: =IFERROR(OFFSET(預班!$A$1,MATCH($B15,預班!$A$2:$A$12,0),MATCH(I$4,預班!$B$1:$NB$1,0)),"") -> 0 | J15: =IFERROR(OFFSET(預班!$A$1,MATCH($B15,預班!$A$2:$A$12,0),MATCH(J$4,預班!$B$1:$NB$1,0)),"") -> 0 | ... AG15: =IFERROR(OFFSET(預班!$A$1,MATCH($B15,預班!$A$2:$A$12,0),MATCH(AG$4,預班!$B$1:$NB$1,0)),"")

Sheet 預班
A1: 日期 | B1: 46023 | C1: 46024 | D1: 46025 | E1: 46026 | F1: 46027 | G1: 46028 | H1: 46029 | I1: 46030 | J1: 46031 | K1: 46032 | L1: 46033 | M1: 46034 | N1: 46035 | O1: 46036 | P1: 46037 | Q1: 46038 | R1: 46039 | S1: 46040 | T1: 46041 | U1: 46042 | V1: 46043 | W1: 46044 | X1: 46045 | Y1: 46046 | Z1: 46047 | AA1: 46048 | AB1: 46049 | AC1: 46050 | AD1: 46051 | AE1: 46052 | AF1: 46053 | AG1: 46054 | AH1: 46055 | AI1: 46056 | AJ1: 46057 | AK1: 46058 | AL1: 46059 | AM1: 46060 | AN1: 46061 | AO1: 46062 | AP1: 46063 | AQ1: 46064 | AR1: 46065 | AS1: 46066 | AT1: 46067 | AU1: 46068 | AV1: 46069 | AW1: 46070 | AX1: 46071 | AY1: 46072 | AZ1: 46073 | BA1: 46074 | BB1: 46075 | BC1: 46076 | BD1: 46077 | BE1: 46078 | BF1: 46079 | BG1: 46080 | BH1: 46081 | BI1: 46082 | BJ1: 46083 | BK1: 46084 | BL1: 46085 | BM1: 46086 | BN1: 46087 | BO1: 46088 | BP1: 46089 | BQ1: 46090 | BR1: 46091 | BS1: 46092 | BT1: 46093 | BU1: 46094 | BV1: 46095 | BW1: 46096 | BX1: 46097 | BY1: 46098 | BZ1: 46099 | CA1: 46100 | CB1: 46101 | CC1: 46102 | CD1: 46103 | CE1: 46104 | CF1: 46105 | CG1: 46106 | CH1: 46107 | CI1: 46108 | CJ1: 46109 | CK1: 46110 | CL1: 46111 | CM1: 46112 | CN1: 46113 | CO1: 46114 | CP1: 46115 | CQ1: 46116 | CR1: 46117 | CS1: 46118 | CT1: 46119 | CU1: 46120 | CV1: 46121 | CW1: 46122 | CX1: 46123 | CY1: 46124 | CZ1: 46125 | DA1: 46126 | DB1: 46127 | DC1: 46128 | DD1: 46129 | DE1: 46130 | DF1: 46131 | DG1: 46132 | DH1: 46133 | DI1: 46134 | DJ1: 46135 | DK1: 46136 | DL1: 46137 | DM1: 46138 | DN1: 46139 | DO1: 46140 | DP1: 46141 | DQ1: 46142 | DR1: 46143 | DS1: 46144 | DT1: 46145 | DU1: 46146 | DV1: 46147 | DW1: 46148 | DX1: 46149 | DY1: 46150 | DZ1: 46151 | EA1: 46152 | EB1: 46153 | EC1: 46154 | ED1: 46155 | EE1: 46156 | EF1: 46157 | EG1: 46158 | EH1: 46159 | EI1: 46160 | EJ1: 46161 | EK1: 46162 | EL1: 46163 | EM1: 46164 | EN1: 46165 | EO1: 46166 | EP1: 46167 | EQ1: 46168 | ER1: 46169 | ES1: 46170 | ET1: 46171 | EU1: 46172 | EV1: 46173 | EW1: 46174 | EX1: 46175 | EY1: 46176 | EZ1: 46177 | FA1: 46178 | FB1: 46179 | FC1: 46180 | FD1: 46181 | FE1: 46182 | FF1: 46183 | FG1: 46184 | FH1: 46185 | FI1: 46186 | FJ1: 46187 | FK1: 46188 | FL1: 46189 | FM1: 46190 | FN1: 46191 | FO1: 46192 | FP1: 46193 | FQ1: 46194 | FR1: 46195 | FS1: 46196 | FT1: 46197 | FU1: 46198 | FV1: 46199 | FW1: 46200 | FX1: 46201 | FY1: 46202 | FZ1: 46203 | GA1: 46204 | GB1: 46205 | GC1: 46206 | GD1: 46207 | GE1: 46208 | GF1: 46209 | GG1: 46210 | GH1: 46211 | GI1: 46212 | GJ1: 46213 | GK1: 46214 | GL1: 46215 | GM1: 46216 | GN1: 46217 | GO1: 46218 | GP1: 46219 | GQ1: 46220 | GR1: 46221 | GS1: 46222 | GT1: 46223 | GU1: 46224 | GV1: 46225 | GW1: 46226 | GX1: 46227 | GY1: 46228 | GZ1: 46229 | HA1: 46230 | HB1: 46231 | HC1: 46232 | HD1: 46233 | HE1: 46234 | HF1: 46235 | HG1: 46236 | HH1: 46237 | HI1: 46238 | HJ1: 46239 | HK1: 46240 | HL1: 46241 | HM1: 46242 | HN1: 46243 | HO1: 46244 | HP1: 46245 | HQ1: 46246 | HR1: 46247 | HS1: 46248 | HT1: 46249 | HU1: 46250 | HV1: 46251 | HW1: 46252 | HX1: 46253 | HY1: 46254 | HZ1: 46255 | IA1: 46256 | IB1: 46257 | IC1: 46258 | ID1: 46259 | IE1: 46260 | IF1: 46261 | IG1: 46262 | IH1: 46263 | II1: 46264 | IJ1: 46265 | IK1: 46266 | IL1: 46267 | IM1: 46268 | IN1: 46269 | IO1: 46270 | IP1: 46271 | IQ1: 46272 | IR1: 46273 | IS1: 46274 | IT1: 46275 | IU1: 46276 | IV1: 46277 | IW1: 46278 | IX1: 46279 | IY1: 46280 | IZ1: 46281 | JA1: 46282 | JB1: 46283 | JC1: 46284 | JD1: 46285 | JE1: 46286 | JF1: 46287 | JG1: 46288 | JH1: 46289 | JI1: 46290 | JJ1: 46291 | JK1: 46292 | JL1: 46293 | JM1: 46294 | JN1: 46295 | JO1: 46296 | JP1: 46297 | JQ1: 46298 | JR1: 46299 | JS1: 46300 | JT1: 46301 | JU1: 46302 | JV1: 46303 | JW1: 46304 | JX1: 46305 | JY1: 46306 | JZ1: 46307 | KA1: 46308 | KB1: 46309 | KC1: 46310 | KD1: 46311 | KE1: 46312 | KF1: 46313 | KG1: 46314 | KH1: 46315 | KI1: 46316 | KJ1: 46317 | KK1: 46318 | KL1: 46319 | KM1: 46320 | KN1: 46321 | KO1: 46322 | KP1: 46323 | KQ1: 46324 | KR1: 46325 | KS1: 46326 | KT1: 46327 | KU1: 46328 | KV1: 46329 | KW1: 46330 | KX1: 46331 | KY1: 46332 | KZ1: 46333 | LA1: 46334 | LB1: 46335 | LC1: 46336 | LD1: 46337 | LE1: 46338 | LF1: 46339 | LG1: 46340 | LH1: 46341 | LI1: 46342 | LJ1: 46343 | LK1: 46344 | LL1: 46345 | LM1: 46346 | LN1: 46347 | LO1: 46348 | LP1: 46349 | LQ1: 46350 | LR1: 46351 | LS1: 46352 | LT1: 46353 | LU1: 46354 | LV1: 46355 | LW1: 46356 | LX1: 46357 | LY1: 46358 | LZ1: 46359 | MA1: 46360 | MB1: 46361 | MC1: 46362 | MD1: 46363 | ME1: 46364 | MF1: 46365 | MG1: 46366 | MH1: 46367 | MI1: 46368 | MJ1: 46369 | MK1: 46370 | ML1: 46371 | MM1: 46372 | MN1: 46373 | MO1: 46374 | MP1: 46375 | MQ1: 46376 | MR1: 46377 | MS1: 46378 | MT1: 46379 | MU1: 46380 | MV1: 46381 | MW1: 46382 | MX1: 46383 | MY1: 46384 | MZ1: 46385 | NA1: 46386 | NB1: 46387
A2: 曾盈瑄
A3: 羅必琪
A4: 廖春鵑
A5: 陳家珮 | R5: 12-8 | S5: 12-8 | T5: 12-8 | U5: 9 | V5: 9 | AM5: 12-8 | AN5: 12-8 | AO5: 12-8 | AP5: 9 | AQ5: 9 | BH5: 12-8 | BI5: 12-8 | BJ5: 12-8 | BK5: 9 | BL5: 9 | CF5: 12-8 | CG5: 12-8 | CH5: 12-8 | CI5: 9 | CJ5: 9 | DD5: 12-8 | DE5: 12-8 | DF5: 12-8 | DG5: 9 | DH5: 9 | EB5: 12-8 | EC5: 12-8 | ED5: 12-8 | EE5: 9 | EF5: 9 | EZ5: 12-8 | FA5: 12-8 | FB5: 12-8 | FC5: 9 | FD5: 9
A6: 全雅寧
A7: 張乃懿 | O7: 12-8 | P7: 12-8 | Q7: 12-8 | R7: 9 | S7: 9 | AJ7: 12-8 | AK7: 12-8 | AL7: 12-8 | AM7: 9 | AN7: 9 | BK7: 12-8 | BL7: 12-8 | BM7: 12-8 | BN7: 9 | BO7: 9 | CC7: 12-8 | CD7: 12-8 | CE7: 12-8 | CF7: 9 | CG7: 9 | DA7: 12-8 | DB7: 12-8 | DC7: 12-8 | DD7: 9 | DE7: 9 | DY7: 12-8 | DZ7: 12-8 | EA7: 12-8 | EB7: 9 | EC7: 9 | EW7: 12-8 | EX7: 12-8 | EY7: 12-8 | EZ7: 9 | FA7: 9
A8: 劉芸甄 | B8: 12-8 | C8: 9 | D8: 9 | U8: 12-8 | V8: 12-8 | W8: 12-8 | X8: 9 | Y8: 9 | AP8: 12-8 | AQ8: 12-8 | AR8: 12-8 | AS8: 9 | AT8: 9 | BN8: 12-8 | BO8: 12-8 | BP8: 12-8 | BQ8: 9 | BR8: 9 | CI8: 12-8 | CJ8: 12-8 | CK8: 12-8 | CL8: 9 | CM8: 9 | DG8: 12-8 | DH8: 12-8 | DI8: 12-8 | DJ8: 9 | DK8: 9 | EE8: 12-8 | EF8: 12-8 | EG8: 12-8 | EH8: 9 | EI8: 9 | FC8: 12-8 | FD8: 12-8 | FE8: 12-8 | FF8: 9 | FG8: 9
A9: 陳諭嫻 | C9: 12-8 | D9: 12-8 | E9: 12-8 | F9: 9 | G9: 9 | X9: 12-8 | Y9: 12-8 | Z9: 12-8 | AA9: 9 | AB9: 9 | AS9: 12-8 | AT9: 12-8 | AU9: 12-8 | AV9: 12-8 | AW9: 12-8 | AX9: 9 | AY9: 9 | AZ9: 9 | BA9: 9 | BQ9: 12-8 | BR9: 12-8 | BS9: 12-8 | BT9: 9 | BU9: 9 | CL9: 12-8 | CM9: 12-8 | CN9: 12-8 | CO9: 9 | CP9: 9 | DJ9: 12-8 | DK9: 12-8 | DL9: 12-8 | DM9: 9 | DN9: 9 | EH9: 12-8 | EI9: 12-8 | EJ9: 12-8 | EK9: 9 | EL9: 9 | FF9: 12-8 | FG9: 12-8 | FH9: 12-8 | FI9: 9 | FJ9: 9
A10: 沈依蓉 | F10: 12-8 | G10: 12-8 | H10: 12-8 | I10: 9 | J10: 9 | AA10: 12-8 | AB10: 12-8 | AC10: 12-8 | AD10: 9 | AE10: 9 | BB10: 12-8 | BC10: 12-8 | BD10: 12-8 | BE10: 9 | BF10: 9 | BT10: 12-8 | BU10: 12-8 | BV10: 12-8 | BW10: 9 | BX10: 9 | CO10: 12-8 | CP10: 12-8 | CQ10: 12-8 | CR10: 9 | CS10: 9 | DM10: 12-8 | DN10: 12-8 | DO10: 12-8 | DP10: 9 | DQ10: 9 | EK10: 12-8 | EL10: 12-8 | EM10: 12-8 | EN10: 9 | EO10: 9 | FI10: 12-8 | FJ10: 12-8 | FK10: 12-8 | FL10: 9 | FM10: 9
A11: 高薌淳 | I11: 12-8 | J11: 12-8 | K11: 12-8 | L11: 9 | M11: 9 | AD11: 12-8 | AE11: 12-8 | AF11: 12-8 | AG11: 9 | AH11: 9 | AX11: 12-8 | AY11: 12-8 | AZ11: 12-8 | BA11: 12-8 | BB11: 9 | BC11: 9 | BD11: 9 | BE11: 9 | BW11: 12-8 | BX11: 12-8 | BY11: 12-8 | BZ11: 9 | CA11: 9 | CR11: 12-8 | CS11: 12-8 | CT11: 12-8 | CU11: 12-8 | CV11: 9 | CW11: 9 | DP11: 12-8 | DQ11: 12-8 | DR11: 12-8 | DS11: 12-8 | DT11: 9 | DU11: 9 | EN11: 12-8 | EO11: 12-8 | EP11: 12-8 | EQ11: 12-8 | ER11: 9 | ES11: 9 | FL11: 12-8 | FM11: 12-8 | FN11: 12-8 | FO11: 12-8 | FP11: 9 | FQ11: 9
A12: 陳諭 | L12: 12-8 | M12: 12-8 | N12: 12-8 | O12: 9 | P12: 9 | AG12: 12-8 | AH12: 12-8 | AI12: 12-8 | AJ12: 9 | AK12: 9 | BE12: 12-8 | BF12: 12-8 | BG12: 12-8 | BH12: 9 | BI12: 9 | BZ12: 12-8 | CA12: 12-8 | CB12: 12-8 | CC12: 9 | CD12: 9 | CV12: 12-8 | CW12: 12-8 | CX12: 12-8 | CY12: 9 | CZ12: 9 | DA12: 9 | DB12: 9 | DT12: 12-8 | DU12: 12-8 | DV12: 12-8 | DW12: 9 | DX12: 9 | DY12: 9 | DZ12: 9 | ER12: 12-8 | ES12: 12-8 | ET12: 12-8 | EU12: 9 | EV12: 9 | EW12: 9 | EX12: 9 | FP12: 12-8 | FQ12: 12-8 | FR12: 12-8 | FS12: 9 | FT12: 9
A24: 8-4'F
A25: 8-5
A26: 12'-9
A27: 4-12 | N27: 不可連續排班7天/排班間隔需超過11小時
A28: 8-5銷 | L28: 班別重覆
A29: 8-5掃
A30: 8-4'掃
A31: 8-4'銷
A32: 01
A33: 8-4'
A34: 01特
A35: 9
A36: 9例
A37: 12-8
A38: 9-1
A39: 9-2
A40: 9-3
... A44: 9-7

Sheet 4月
S1: 2026 | T1: 年 | U1: 4 | V1: 月
D3: =RIGHT(TEXT(D4,"aaa"),1) -> 三 | E3: =RIGHT(TEXT(E4,"aaa"),1) -> 四 | F3: =RIGHT(TEXT(F4,"aaa"),1) -> 五 | G3: =RIGHT(TEXT(G4,"aaa"),1) -> 六 | H3: =RIGHT(TEXT(H4,"aaa"),1) -> 日 | I3: =RIGHT(TEXT(I4,"aaa"),1) -> 一 | J3: =RIGHT(TEXT(J4,"aaa"),1) -> 二 | K3: =RIGHT(TEXT(K4,"aaa"),1) -> 三 | ... AH3: =RIGHT(TEXT(AH4,"aaa"),1)
A4: 卡號 | B4: 卡號 | C4: 員工 | D4: =IF(COLUMN(A1)>DAY(DATE($S$1,$U$1+1,0)),"",DATE($S$1,$U$1,COLUMN(A1))) -> 46113 | E4: =IF(COLUMN(B1)>DAY(DATE($S$1,$U$1+1,0)),"",DATE($S$1,$U$1,COLUMN(B1))) -> 46114 | F4: =IF(COLUMN(C1)>DAY(DATE($S$1,$U$1+1,0)),"",DATE($S$1,$U$1,COLUMN(C1))) -> 46115 | G4: =IF(COLUMN(D1)>DAY(DATE($S$1,$U$1+1,0)),"",DATE($S$1,$U$1,COLUMN(D1))) -> 46116 | H4: =IF(COLUMN(E1)>DAY(DATE($S$1,$U$1+1,0)),"",DATE($S$1,$U$1,COLUMN(E1))) -> 46117 | I4: =IF(COLUMN(F1)>DAY(DATE($S$1,$U$1+1,0)),"",DATE($S$1,$U$1,COLUMN(F1))) -> 46118 | J4: =IF(COLUMN(G1)>DAY(DATE($S$1,$U$1+1,0)),"",DATE($S$1,$U$1,COLUMN(G1))) -> 46119 | K4: =IF(COLUMN(H1)>DAY(DATE($S$1,$U$1+1,0)),"",DATE($S$1,$U$1,COLUMN(H1))) -> 46120 | ... AH4: =IF(COLUMN(AE1)>DAY(DATE($S$1,$U$1+1,0)),"",DATE($S$1,$U$1,COLUMN(AE1)))
A5: 01805 | B5: 01805 | C5: 曾盈瑄 | AH5: =IFERROR(OFFSET(預班!$A$1,MATCH($C5,預班!$A$2:$A$12,0),MATCH(AH$4,預班!$B$1:$NB$1,0)),"")
A6: 1683 | B6: 1683 | C6: 羅必琪 | D6: 12'-9 | E6: 8-5掃 | F6: 9例 | G6: 9例 | H6: 8-4'掃 | I6: 9例 | J6: 9例 | K6: 01 | L6: 9 | M6: 12'-9 | N6: 9 | O6: 8-4'F | P6: 01 | Q6: 8-5掃 | R6: 12'-9 | S6: 01 | T6: 9例 | U6: 9例 | V6: 9例 | W6: 8-5 | X6: 01特 | Y6: 8-5 | Z6: 01特 | AA6: 9 | AB6: 9 | AC6: 4-12 | AD6: 8-5掃 | AE6: 9例 | AF6: 9 | AG6: 9 | AH6: =IFERROR(OFFSET(預班!$A$1,MATCH($C6,預班!$A$2:$A$12,0),MATCH(AH$4,預班!$B$1:$NB$1,0)),"")
A7: 1660 | B7: 1660 | C7: 廖春鵑 | D7: 9例 | E7: 8-5 | F7: 4-12 | G7: 9例 | H7: 8-4' | I7: 8-5 | J7: 4-12 | K7: 8-5 | L7: 8-4'F | M7: 8-5 | N7: 4-12 | O7: 9例 | P7: 8-5 | Q7: 9例 | R7: 01 | S7: 8-5掃 | T7: 8-5 | U7: 8-4'F | V7: 8-4' | W7: 9例 | X7: 8-4'F | Y7: 01 | Z7: 8-5 | AA7: 8-5掃 | AB7: 8-4' | AC7: 8-4' | AD7: 12'-9 | AE7: 12'-9 | AF7: 8-4'F | AG7: 12'-9 | AH7: =IFERROR(OFFSET(預班!$A$1,MATCH($C7,預班!$A$2:$A$12,0),MATCH(AH$4,預班!$B$1:$NB$1,0)),"")
A8: 01756 | B8: 01756 | C8: 陳家珮 | D8: 8-5 | E8: 01 | F8: 8-5掃 | G8: 8-4'F | H8: 8-4'F | I8: 4-12 | J8: 01 | K8: 8-4'F | L8: 12'-9 | M8: 4-12 | N8: 8-4' | O8: 4-12 | P8: 9例 | Q8: 12'-9 | R8: 8-5 | S8: 8-4'F | T8: 12-8 | U8: 12-8 | V8: 12-8 | W8: 9例 | X8: 9例 | Y8: 8-4'F | Z8: 4-12 | AA8: 8-4'F | AB8: 4-12 | AC8: 9例 | AD8: 8-4'F | AE8: 4-12 | AF8: 01 | AG8: 9 | AH8: =IFERROR(OFFSET(預班!$A$1,MATCH($C8,預班!$A$2:$A$12,0),MATCH(AH$4,預班!$B$1:$NB$1,0)),"")
A9: 01771 | B9: 01771 | C9: 全雅寧 | D9: 9例 | E9: 12'-9 | F9: 9例 | G9: 4-12 | H9: 9例 | I9: 01 | J9: 9例 | K9: 9 | L9: 01 | M9: 01 | N9: 9 | O9: 9例 | P9: 8-4'F | Q9: 4-12 | R9: 8-4'F | S9: 9例 | T9: 8-5掃 | U9: 8-4' | V9: 9例 | W9: 4-12 | X9: 8-5 | Y9: 8-5掃 | Z9: 8-4'F | AA9: 8-5 | AB9: 9 | AC9: 9例 | AD9: 4-12 | AE9: 01 | AF9: 9 | AG9: 8-4'F | AH9: =IFERROR(OFFSET(預班!$A$1,MATCH($C9,預班!$A$2:$A$12,0),MATCH(AH$4,預班!$B$1:$NB$1,0)),"")
A10: 017785 | B10: 017785 | C10: 張乃懿 | D10: 8-5掃 | E10: 4-12 | F10: 8-4'F | G10: 9例 | H10: 9例 | I10: 9例 | J10: 8-4'F | K10: 9例 | L10: 9 | M10: 8-5掃 | N10: 9 | O10: 8-4' | P10: 8-5掃 | Q10: 12-8 | R10: 12-8 | S10: 12-8 | T10: 9例 | U10: 9例 | V10: 8-4'F | W10: 01 | X10: 9例 | Y10: 12'-9 | Z10: 9 | AA10: 4-12 | AB10: 8-4'F | AC10: 8-4'F | AD10: 9例 | AE10: 8-5 | AF10: 12'-9 | AG10: 8-5 | AH10: =IFERROR(OFFSET(預班!$A$1,MATCH($C10,預班!$A$2:$A$12,0),MATCH(AH$4,預班!$B$1:$NB$1,0)),"")
A11: 01800 | B11: 01800 | C11: 劉芸甄 | D11: 01 | E11: 9例 | F11: 12'-9 | G11: 9例 | H11: 4-12 | I11: 12'-9 | J11: 9例 | K11: 12'-9 | L11: 4-12 | M11: 9例 | N11: 8-4'掃 | O11: 9例 | P11: 12'-9 | Q11: 8-5 | R11: 8-5掃 | S11: 9例 | T11: 9 | U11: 4-12 | V11: 4-12 | W11: 12-8 | X11: 12-8 | Y11: 12-8 | Z11: 9例 | AA11: 9 | AB11: 9 | AC11: 9例 | AD11: 8-5 | AE11: 8-5掃 | AF11: 8-5掃 | AG11: 8-5掃 | AH11: =IFERROR(OFFSET(預班!$A$1,MATCH($C11,預班!$A$2:$A$12,0),MATCH(AH$4,預班!$B$1:$NB$1,0)),"")
A12: 01803 | B12: 01803 | C12: 陳諭嫻 | D12: 12-8 | E12: 9例 | F12: 9例 | G12: 8-4' | H12: 9例 | I12: 8-4'F | J12: 12'-9 | K12: 8-5掃 | L12: 8-5掃 | M12: 9例 | N12: 9 | O12: 8-4'掃 | P12: 9例 | Q12: 01 | R12: 9例 | S12: 4-12 | T12: 8-4'F | U12: 8-4'掃 | V12: 9例 | W12: 8-4'F | X12: 12'-9 | Y12: 9 | Z12: 12-8 | AA12: 12-8 | AB12: 12-8 | AC12: 9例 | AD12: 9 | AE12: 9 | AF12: 4-12 | AG12: 4-12 | AH12: =IFERROR(OFFSET(預班!$A$1,MATCH($C12,預班!$A$2:$A$12,0),MATCH(AH$4,預班!$B$1:$NB$1,0)),"")
A13: 01809 | B13: 01809 | C13: 沈依蓉 | D13: 4-12 | E13: 12-8 | F13: 12-8 | G13: 12-8 | H13: 9例 | I13: 9例 | J13: 8-5掃 | K13: 9例 | L13: 8-5 | M13: 8-4'F | N13: 9例 | O13: 9例 | P13: 4-12 | Q13: 9例 | R13: 01特 | S13: 12'-9 | T13: 01 | U13: 01特 | V13: 9例 | W13: 01特 | X13: 01 | Y13: 9 | Z13: 01 | AA13: 9 | AB13: 9 | AC13: 12-8 | AD13: 12-8 | AE13: 12-8 | AF13: 9例 | AG13: 9 | AH13: =IFERROR(OFFSET(預班!$A$1,MATCH($C13,預班!$A$2:$A$12,0),MATCH(AH$4,預班!$B$1:$NB$1,0)),"")
A14: 01829 | B14: 01829 | C14: 高薌淳 | D14: 8-4'F | E14: 8-4'F | F14: 8-5 | G14: 9例 | H14: 12-8 | I14: 12-8 | J14: 12-8 | K14: 12-8 | L14: 9例 | M14: 9例 | N14: 8-4'F | O14: 9例 | P14: 9例 | Q14: 8-4'F | R14: 4-12 | S14: 8-5 | T14: 12'-9 | U14: 9例 | V14: 8-4'掃 | W14: 8-5掃 | X14: 8-5掃 | Y14: 4-12 | Z14: 12'-9 | AA14: 01 | AB14: 8-4'掃 | AC14: 8-4'掃 | AD14: 9例 | AE14: 8-4'F | AF14: 12-8 | AG14: 12-8 | AH14: =IFERROR(OFFSET(預班!$A$1,MATCH($C14,預班!$A$2:$A$12,0),MATCH(AH$4,預班!$B$1:$NB$1,0)),"")
A15: 01833 | B15: 01833 | C15: 陳諭 | D15: 9例 | E15: 9例 | F15: 01 | G15: 9例 | H15: 9例 | I15: 8-5掃 | J15: 8-5 | K15: 4-12 | L15: 12-8 | M15: 12-8 | N15: 12-8 | O15: 9例 | P15: 9例 | Q15: 01特 | R15: 01特 | S15: 01特 | T15: 4-12 | U15: 9 | V15: 9例 | W15: 12'-9 | X15: 4-12 | Y15: 9 | Z15: 8-5掃 | AA15: 12'-9 | AB15: 9 | AC15: 9例 | AD15: 01 | AE15: 9 | AF15: 8-5 | AG15: 01 | AH15: =IFERROR(OFFSET(預班!$A$1,MATCH($C15,預班!$A$2:$A$12,0),MATCH(AH$4,預班!$B$1:$NB$1,0)),"")
